lighting_label,count,accuracy,macro_f1_present_classes,mean_confidence,error_rate
night_or_low_light,546.0,0.6813186813186813,0.6358262311477236,0.7845466732978821,0.31868131868131866
grayscale_or_ir,116.0,0.7155172413793104,0.7776282194848825,0.7930521965026855,0.2844827586206896
low_light,176.0,0.7159090909090909,0.7091634967399657,0.8185291886329651,0.28409090909090906
day_or_normal_light,362.0,0.787292817679558,0.7646032738185082,0.8336019515991211,0.21270718232044195
