lighting_label,count,accuracy,macro_f1_present_classes,mean_confidence,error_rate
grayscale_or_ir,182.0,0.6483516483516484,0.7129813212275973,0.7564789652824402,0.3516483516483516
night_or_low_light,542.0,0.7029520295202952,0.7683140818514451,0.7966121435165405,0.29704797047970477
uncertain,114.0,0.7192982456140351,0.6947277501381979,0.8331118226051331,0.2807017543859649
day_or_normal_light,362.0,0.787292817679558,0.7646032738185082,0.8336019515991211,0.21270718232044195
