class_name,precision,recall,f1,support,false_positives,false_negatives
raccoon,0.5222672064777328,0.86,0.6498740554156172,150,118,21
wild_boar,0.8269230769230769,0.5733333333333334,0.6771653543307087,150,18,64
empty,0.6855345911949685,0.7266666666666667,0.7055016181229773,150,50,41
mule_deer,0.7272727272727273,0.6933333333333334,0.7098976109215017,150,39,46
coyote,0.7608695652173914,0.7,0.7291666666666666,150,33,45
red_deer,0.7567567567567568,0.7466666666666667,0.7516778523489933,150,36,38
bobcat,0.8181818181818182,0.72,0.7659574468085106,150,24,42
black_bear,0.875968992248062,0.7533333333333333,0.8100358422939068,150,16,37
